Split,Model Group,Model,stock_id,n_rows,RMSE,RMSPE,QLIKE
Seen test,Normal Long,LR Long,5,5750,0.0006697856267552845,13.175637774221652,0.2861614457129036
Seen test,Normal Long,LR Long,7,5750,0.00037489768997256277,6.0927814659012585,0.20508636746547074
Seen test,Normal Long,LR Long,10,5750,0.0002877461428004216,1.204899488098856,0.06385228385033566
Seen test,Normal Long,LR Long,13,5750,0.00023171060065964937,1.8514728258445547,0.13519464956426766
Seen test,Normal Long,LR Long,14,5750,0.00023921471002086455,0.5108057879414795,0.050031119244409616
Seen test,Normal Long,LR Long,16,5750,0.0006250583953030798,15.361074946517338,0.3264482265029262
Seen test,Normal Long,LR Long,18,5750,0.001245705021827083,31.58483396230913,0.47666397418982664
Seen test,Normal Long,LR Long,19,5750,0.0003966858309031914,5.177321200491038,0.20120915286118993
Seen test,Normal Long,LR Long,20,5750,0.00028406645853791215,1.196850648248873,0.07711688499207846
Seen test,Normal Long,LR Long,27,5750,0.0009882756221506553,22.202614825875973,0.3652714301443211
Seen test,Normal Long,LR Long,29,5750,0.00011385946708261993,0.3706224237566747,0.03708236747100534
Seen test,Normal Long,LR Long,37,5750,0.0009844757561544393,26.662629485251237,0.4919656630615978
Seen test,Normal Long,LR Long,43,5750,0.00010725832845500394,0.5382161346563517,0.05912406569857347
Seen test,Normal Long,LR Long,44,5750,0.00026089622104142875,0.8728879651245975,0.06494714636819714
Seen test,Normal Long,LR Long,46,5750,0.00018088731531825753,1.379026294962967,0.12712487128600294
Seen test,Normal Long,LR Long,51,5750,0.00026048592473672163,2.333563246308227,0.09170983186203668
Seen test,Normal Long,LR Long,61,5750,0.00026773088568305764,0.5016151420916065,0.05334855521736818
Seen test,Normal Long,LR Long,62,5750,0.0006273622790996935,5.892143104419063,0.14742572048391836
Seen test,Normal Long,LR Long,63,5750,0.00029890624046485776,1.6157867097561431,0.09180789042103045
Seen test,Normal Long,LR Long,64,5750,0.00021668602803943276,1.2225382029078664,0.08392624843113702
Seen test,Normal Long,LR Long,68,5750,0.0004132833939804937,2.2886147894009854,0.11490259993482786
Seen test,Normal Long,LR Long,69,5750,0.00015938613119535668,0.3899618307401893,0.04084382523187673
Seen test,Normal Long,LR Long,70,5750,0.0003332123145527231,3.349648542033293,0.16330898656878268
Seen test,Normal Long,LR Long,72,5750,0.00044230028488954323,7.322226570052241,0.18002573932532873
Seen test,Normal Long,LR Long,75,5750,0.0010424617255532479,23.60535033456218,0.3458841301522304
Seen test,Normal Long,LR Long,77,5750,0.0002917313362307928,1.2249240317199899,0.07417597560453149
Seen test,Normal Long,LR Long,78,5750,0.0005346654426888107,7.380406157817074,0.1663092445430387
Seen test,Normal Long,LR Long,80,5750,0.0008024285350031386,8.15884351297649,0.15822016283086213
Seen test,Normal Long,LR Long,82,5750,0.0004478803306470861,8.218681618620828,0.21176267618589031
Seen test,Normal Long,LR Long,83,5750,0.0006618140407212484,12.703932952760574,0.26072650902189887
Seen test,Normal Long,LR Long,90,5750,0.0007004810916802929,10.254695507859147,0.26257895216221977
Seen test,Normal Long,LR Long,98,5750,0.0007227314755941939,16.791521105702365,0.37945155517951634
Seen test,Normal Long,LR Long,100,5750,0.0005592226678457528,3.4830922009718637,0.12766221452949872
Seen test,Normal Long,LR Long,102,5750,0.0005499227808295094,6.180257088326153,0.1777550244637097
Seen test,Normal Long,LR Long,103,5750,0.0008500346318045648,17.105645929716182,0.3083249053915492
Seen test,Normal Long,LR Long,104,5750,0.0004144332285962275,4.953853093020253,0.17729696438288525
Seen test,Normal Long,LR Long,115,5750,0.00034293309855885576,4.758853462097283,0.1937254213775342
Seen test,Normal Long,LR Long,118,5750,0.000615579180238863,7.162200485273756,0.18563573925925267
Seen test,Normal Long,LR Long,120,5750,0.00024491638974201934,1.150371637034788,0.08055168971866261
Seen test,Normal Long,LR Long,126,5750,0.0006463104104107339,9.09286490811954,0.2068956981565292
Seen test,Normal Long,Lasso Long,5,5750,0.0006685685300279273,13.120685039937095,0.2854551220962608
Seen test,Normal Long,Lasso Long,7,5750,0.00037695322118320014,6.273609879688449,0.20762832476976323
Seen test,Normal Long,Lasso Long,10,5750,0.0002937704213416978,1.238735557114157,0.06541522174715696
Seen test,Normal Long,Lasso Long,13,5750,0.00023407046541749256,1.9576539889339988,0.13894674339154778
Seen test,Normal Long,Lasso Long,14,5750,0.00024431945310196535,0.5398568135461139,0.051885016241922266
Seen test,Normal Long,Lasso Long,16,5750,0.0006243142604860207,15.76005990382517,0.32769271487560675
Seen test,Normal Long,Lasso Long,18,5750,0.001247134714885482,31.590802161478344,0.47589173106290955
Seen test,Normal Long,Lasso Long,19,5750,0.0003990134192949069,5.266240454968523,0.2047226901253402
Seen test,Normal Long,Lasso Long,20,5750,0.00028660423960714915,1.2393226757419122,0.07935237963676411
Seen test,Normal Long,Lasso Long,27,5750,0.0009888471044010954,22.721498406978107,0.3650436328403604
Seen test,Normal Long,Lasso Long,29,5750,0.0001179450545390626,0.4204934117971049,0.04229515890763923
Seen test,Normal Long,Lasso Long,37,5750,0.0009864408160494501,26.849219606417954,0.4910272963883992
Seen test,Normal Long,Lasso Long,43,5750,0.00011285552189197976,0.6202732515529759,0.07050189500246362
Seen test,Normal Long,Lasso Long,44,5750,0.0002688103051468579,0.8730096494387131,0.066356725949999
Seen test,Normal Long,Lasso Long,46,5750,0.00018327529828236186,1.4845625083832648,0.13233055215699238
Seen test,Normal Long,Lasso Long,51,5750,0.00026316366839261693,2.400222936292524,0.09457686871269301
Seen test,Normal Long,Lasso Long,61,5750,0.0002722908586649052,0.5140413080967693,0.05412194500435694
Seen test,Normal Long,Lasso Long,62,5750,0.0006284425221866415,5.9773221668830185,0.1475728172333939
Seen test,Normal Long,Lasso Long,63,5750,0.0003010112926454143,1.6769773070297196,0.09282486980619212
Seen test,Normal Long,Lasso Long,64,5750,0.00021979722694412068,1.3007825785269473,0.08756288642471599
Seen test,Normal Long,Lasso Long,68,5750,0.00041220669548733925,2.3313339652372154,0.11687057588731978
Seen test,Normal Long,Lasso Long,69,5750,0.00016445142494239405,0.41279496264736354,0.04330051982155922
Seen test,Normal Long,Lasso Long,70,5750,0.0003350358084163491,3.491183955536702,0.16657434451068806
Seen test,Normal Long,Lasso Long,72,5750,0.00044518525247659173,7.4534599737019525,0.18240507176496698
Seen test,Normal Long,Lasso Long,75,5750,0.0010422342028843924,23.400985472337336,0.34519897822822215
Seen test,Normal Long,Lasso Long,77,5750,0.00030333439082336693,1.3121326973668226,0.07578204976055919
Seen test,Normal Long,Lasso Long,78,5750,0.0005352800855558347,7.186762369433478,0.16683322576851287
Seen test,Normal Long,Lasso Long,80,5750,0.0008100045594338201,8.464071276889529,0.15888462277634197
Seen test,Normal Long,Lasso Long,82,5750,0.00044819086359036903,8.214068316885744,0.21398380380770488
Seen test,Normal Long,Lasso Long,83,5750,0.0006616052112086853,12.702520343138579,0.2613037021486992
Seen test,Normal Long,Lasso Long,90,5750,0.000701615387953133,10.43537895252551,0.2617611086263792
Seen test,Normal Long,Lasso Long,98,5750,0.000727656961131464,17.14972127478896,0.38049412254790316
Seen test,Normal Long,Lasso Long,100,5750,0.0005588894284461415,3.5353739379237568,0.1288441380610156
Seen test,Normal Long,Lasso Long,102,5750,0.0005511760923959098,6.293021932933552,0.17820159394622986
Seen test,Normal Long,Lasso Long,103,5750,0.0008490267307545396,17.09520722123002,0.3076334369539968
Seen test,Normal Long,Lasso Long,104,5750,0.00041514006278890525,5.034004849644014,0.17984903909054226
Seen test,Normal Long,Lasso Long,115,5750,0.00034529389806961606,4.854168232485346,0.1963482792535559
Seen test,Normal Long,Lasso Long,118,5750,0.0006167132989414568,7.3077779184002924,0.1857838639334394
Seen test,Normal Long,Lasso Long,120,5750,0.00025101929818222756,1.187275033186376,0.08326707427909673
Seen test,Normal Long,Lasso Long,126,5750,0.0006500439420391331,9.17136132227516,0.20753024426217717
Seen test,Normal Long,XGB Long,5,5750,0.0006652654667184916,13.235786940896658,0.284315185451697
Seen test,Normal Long,XGB Long,7,5750,0.0003732940354872101,5.978916598880393,0.20389326176815595
Seen test,Normal Long,XGB Long,10,5750,0.000284020412588731,1.1332775380129771,0.06233170679362213
Seen test,Normal Long,XGB Long,13,5750,0.0002263346006306167,1.6462961920659882,0.12930437769509487
Seen test,Normal Long,XGB Long,14,5750,0.00021169590913874896,0.4578110282769797,0.047250237694619994
Seen test,Normal Long,XGB Long,16,5750,0.0006257527295491851,15.998418980931346,0.3252233086880653
Seen test,Normal Long,XGB Long,18,5750,0.0012450391953634059,33.08411574204671,0.47361064845202394
Seen test,Normal Long,XGB Long,19,5750,0.0003931476211164069,5.1453759405142,0.19852507789564994
Seen test,Normal Long,XGB Long,20,5750,0.00028384337656879734,1.093519030208861,0.07527375048078346
Seen test,Normal Long,XGB Long,27,5750,0.0009804578817557694,22.094370684469105,0.3634378371799212
Seen test,Normal Long,XGB Long,29,5750,0.00010514273057302955,0.31919040583716296,0.030596876224178903
Seen test,Normal Long,XGB Long,37,5750,0.0009824425540020886,27.572735562512285,0.4895416369693469
Seen test,Normal Long,XGB Long,43,5750,9.747058975000294e-05,0.4791569738460905,0.04859080249241076
Seen test,Normal Long,XGB Long,44,5750,0.00025381836757938344,0.7980033769211513,0.0628465723323825
Seen test,Normal Long,XGB Long,46,5750,0.00017568893532323365,1.2216426933672655,0.11832274620043433
Seen test,Normal Long,XGB Long,51,5750,0.00025760449403631564,2.3162380044774946,0.0880745365680152
Seen test,Normal Long,XGB Long,61,5750,0.00026582684894462883,0.48552565741473586,0.053797940733567015
Seen test,Normal Long,XGB Long,62,5750,0.0006330621469406854,5.83759155476881,0.14761955881807115
Seen test,Normal Long,XGB Long,63,5750,0.000294834862549596,1.5950790957394836,0.09116488957721583
Seen test,Normal Long,XGB Long,64,5750,0.00021755620112892793,1.0894206864942364,0.080363230964402
Seen test,Normal Long,XGB Long,68,5750,0.0004204944303594026,2.124972098785273,0.11349839560334035
Seen test,Normal Long,XGB Long,69,5750,0.00015186675543013914,0.3428048647470954,0.03698387261256726
Seen test,Normal Long,XGB Long,70,5750,0.000332949748372975,3.3233364461485437,0.15977639373228394
Seen test,Normal Long,XGB Long,72,5750,0.00044534793063910746,7.555654588335308,0.17800710306982215
Seen test,Normal Long,XGB Long,75,5750,0.0010373845692111783,24.160535807134874,0.3433816983130395
Seen test,Normal Long,XGB Long,77,5750,0.0002912975420781285,1.1602881654129813,0.07145732475009334
Seen test,Normal Long,XGB Long,78,5750,0.0005335423357590986,7.743997674537513,0.16581532734870294
Seen test,Normal Long,XGB Long,80,5750,0.0008027232481615751,8.827811432098287,0.15681218166538355
Seen test,Normal Long,XGB Long,82,5750,0.0004448714080860884,8.329861426410481,0.20925109074239442
Seen test,Normal Long,XGB Long,83,5750,0.0006602513390968681,13.055377485337708,0.25910442069319944
Seen test,Normal Long,XGB Long,90,5750,0.0006983847924555703,10.359516415640572,0.2612274488792465
Seen test,Normal Long,XGB Long,98,5750,0.0007322988331787736,17.57301648566269,0.37832366105394694
Seen test,Normal Long,XGB Long,100,5750,0.0005576064328504026,3.399907215482093,0.12635411158077306
Seen test,Normal Long,XGB Long,102,5750,0.0005410042198973105,6.03008097539258,0.17660311412088386
Seen test,Normal Long,XGB Long,103,5750,0.000843118326263246,18.22211379522003,0.30665622311847507
Seen test,Normal Long,XGB Long,104,5750,0.00040851951927086907,4.798760304540247,0.17428411972274666
Seen test,Normal Long,XGB Long,115,5750,0.000340479540249097,4.608868167088003,0.19027525984611998
Seen test,Normal Long,XGB Long,118,5750,0.0006174947245641501,7.212845765541351,0.18499992617341257
Seen test,Normal Long,XGB Long,120,5750,0.0002405504815697199,1.022654857501468,0.07933652642402213
Seen test,Normal Long,XGB Long,126,5750,0.0006431770995762226,9.04952079470733,0.20613429078776063
Seen test,Normal Long,RF Long,5,5750,0.00067030439602376,13.6130373272208,0.2878452538314154
Seen test,Normal Long,RF Long,7,5750,0.0003842766987849507,6.942818711984376,0.22301110487606884
Seen test,Normal Long,RF Long,10,5750,0.00030032386049967164,1.3067153409736025,0.0803190541344604
Seen test,Normal Long,RF Long,13,5750,0.0002527307355790622,3.0905775525659362,0.17786735780481577
Seen test,Normal Long,RF Long,14,5750,0.00023739854970138317,0.7728177568006637,0.07818219391130833
Seen test,Normal Long,RF Long,16,5750,0.0006361768817243081,16.53364452402669,0.34307504720724163
Seen test,Normal Long,RF Long,18,5750,0.001246086775144608,33.01822838988052,0.47567664612217414
Seen test,Normal Long,RF Long,19,5750,0.00040501572008210863,5.9603405794002144,0.2303557180999053
Seen test,Normal Long,RF Long,20,5750,0.00029523006437871927,1.4151060327222889,0.09506159303731308
Seen test,Normal Long,RF Long,27,5750,0.0009833850129850263,23.281823669172763,0.3656737655822829
Seen test,Normal Long,RF Long,29,5750,0.0001653159510131328,0.9716338260624118,0.11036250418826976
Seen test,Normal Long,RF Long,37,5750,0.000990582144978998,28.766954232856857,0.49667406719709056
Seen test,Normal Long,RF Long,43,5750,0.0001872908192534062,1.6202127830789885,0.20400151773398156
Seen test,Normal Long,RF Long,44,5750,0.00027250868413304516,1.0182433893519438,0.08142397204723137
Seen test,Normal Long,RF Long,46,5750,0.0002134607904289677,2.278829924157961,0.18828404139114793
Seen test,Normal Long,RF Long,51,5750,0.0002757487926131344,2.562696415329807,0.11632166892665749
Seen test,Normal Long,RF Long,61,5750,0.00028371045636573796,0.46760729091539843,0.06753681285409593
Seen test,Normal Long,RF Long,62,5750,0.0006322629894092481,5.914343882899561,0.1507559468989214
Seen test,Normal Long,RF Long,63,5750,0.000308830011716352,1.7211820678852545,0.10950384923870218
Seen test,Normal Long,RF Long,64,5750,0.00023780945931998432,1.6660480786603777,0.11495567879801945
Seen test,Normal Long,RF Long,68,5750,0.0004286444627867172,2.5012039317244152,0.13234884258887392
Seen test,Normal Long,RF Long,69,5750,0.00018628376428728142,0.6578894284511436,0.07819439158216707
Seen test,Normal Long,RF Long,70,5750,0.0003482287867550562,4.123428480831958,0.19366231774633003
Seen test,Normal Long,RF Long,72,5750,0.0004527892739981991,7.852291331152519,0.19942310681981223
Seen test,Normal Long,RF Long,75,5750,0.0010351719312779314,24.13738994035805,0.3446307088507383
Seen test,Normal Long,RF Long,77,5750,0.00030920467784869,1.5372981479751575,0.09678659778589613
Seen test,Normal Long,RF Long,78,5750,0.0005366317714263498,7.598324174429188,0.17097474442983035
Seen test,Normal Long,RF Long,80,5750,0.0008106742260037898,9.217004130673685,0.16444928218477722
Seen test,Normal Long,RF Long,82,5750,0.00045423078492875965,8.640365356816275,0.22625235704455499
Seen test,Normal Long,RF Long,83,5750,0.0006576826972045117,13.242778465699041,0.2678616604361577
Seen test,Normal Long,RF Long,90,5750,0.0007013956140871775,10.928825702156963,0.2635555348796172
Seen test,Normal Long,RF Long,98,5750,0.0007362264100561873,18.0340504769947,0.3893528456585573
Seen test,Normal Long,RF Long,100,5750,0.0005621246550940367,3.598663736035122,0.13917889538420006
Seen test,Normal Long,RF Long,102,5750,0.0005533029148174469,6.26980475505108,0.18351095827841346
Seen test,Normal Long,RF Long,103,5750,0.0008455458105792448,17.60388662556719,0.31128634204511635
Seen test,Normal Long,RF Long,104,5750,0.0004196643292257475,5.583470289672656,0.19892203903108946
Seen test,Normal Long,RF Long,115,5750,0.00035517669645604004,5.384024627400441,0.2196836952484486
Seen test,Normal Long,RF Long,118,5750,0.0006173546143329247,7.201542513295694,0.18879159709143437
Seen test,Normal Long,RF Long,120,5750,0.00026273614615383845,1.5137602223041922,0.10142298327572842
Seen test,Normal Long,RF Long,126,5750,0.0006452858120825191,9.444600241957604,0.21110165518017698
Seen test,Normal Long,MLP Long,5,5750,0.0006703750229834522,13.67103850538559,0.2862508669848613
Seen test,Normal Long,MLP Long,7,5750,0.0003786963676676476,6.294474411301517,0.20830992332199638
Seen test,Normal Long,MLP Long,10,5750,0.00029779712660561784,1.17205685395092,0.06596379857466303
Seen test,Normal Long,MLP Long,13,5750,0.00023665507677887712,1.945141882212681,0.13768977929605605
Seen test,Normal Long,MLP Long,14,5750,0.00023926831885107684,0.4908532185312045,0.05238558403506348
Seen test,Normal Long,MLP Long,16,5750,0.0006394715717558736,16.47150254398675,0.32892469453205303
Seen test,Normal Long,MLP Long,18,5750,0.0012485740004382433,33.52675780711973,0.4755951557362609
Seen test,Normal Long,MLP Long,19,5750,0.00039736235042723146,5.319224450185166,0.20327598579574782
Seen test,Normal Long,MLP Long,20,5750,0.00028664650089462725,1.1978386620480386,0.0777094092619301
Seen test,Normal Long,MLP Long,27,5750,0.0009963762986966974,24.263571406685664,0.36640217001252495
Seen test,Normal Long,MLP Long,29,5750,0.0001229517552999681,0.34135313301870185,0.03703640787225843
Seen test,Normal Long,MLP Long,37,5750,0.000991802678675842,28.58385244141391,0.4937501987470871
Seen test,Normal Long,MLP Long,43,5750,0.00011555342629876579,0.5072660017623741,0.05791465040507303
Seen test,Normal Long,MLP Long,44,5750,0.0002776483293436561,0.8406784792622923,0.0685311570166888
Seen test,Normal Long,MLP Long,46,5750,0.00018408633351377446,1.3826814763585484,0.13116401726285687
Seen test,Normal Long,MLP Long,51,5750,0.00026321963829426215,2.384587080609821,0.09244321106883772
Seen test,Normal Long,MLP Long,61,5750,0.0002758707020391134,0.49363074940391405,0.055297384952284354
Seen test,Normal Long,MLP Long,62,5750,0.000630158943826506,6.042908871214846,0.14816793002943474
Seen test,Normal Long,MLP Long,63,5750,0.00030862608233724666,1.5801694679572968,0.09536766174680517
Seen test,Normal Long,MLP Long,64,5750,0.00022098075574409576,1.199739323200894,0.08465209214370706
Seen test,Normal Long,MLP Long,68,5750,0.00043683304581305834,2.271404975804368,0.11585000658352008
Seen test,Normal Long,MLP Long,69,5750,0.00017113454159648622,0.360282742258337,0.04316444633702495
Seen test,Normal Long,MLP Long,70,5750,0.0003389685704948863,3.5194100566909117,0.16555257139523596
Seen test,Normal Long,MLP Long,72,5750,0.0004544378021237383,7.8066825350871625,0.18106297754785106
Seen test,Normal Long,MLP Long,75,5750,0.001037103447208416,24.192279818118497,0.3448645277062695
Seen test,Normal Long,MLP Long,77,5750,0.0003149497802849479,1.225819674723866,0.07679819037172189
Seen test,Normal Long,MLP Long,78,5750,0.0005389937028986814,7.556391430184045,0.16719189230816187
Seen test,Normal Long,MLP Long,80,5750,0.0008231641011634815,9.170318440743173,0.16304803018633143
Seen test,Normal Long,MLP Long,82,5750,0.0004522347917699724,8.57821400501823,0.21206566383506553
Seen test,Normal Long,MLP Long,83,5750,0.0006671952521637107,13.258783022749546,0.26183935366865746
Seen test,Normal Long,MLP Long,90,5750,0.000703556024991502,10.723445054731869,0.26309013092816813
Seen test,Normal Long,MLP Long,98,5750,0.0007343218993999465,18.156017623349484,0.38169743767845365
Seen test,Normal Long,MLP Long,100,5750,0.0005601516353985408,3.563692691223872,0.12936887528345162
Seen test,Normal Long,MLP Long,102,5750,0.0005506011975068944,6.233490884439881,0.17791200501019483
Seen test,Normal Long,MLP Long,103,5750,0.0008427556420637437,18.22700003633136,0.3085781007761973
Seen test,Normal Long,MLP Long,104,5750,0.00041866874458653297,5.051068685317869,0.1784227010097663
Seen test,Normal Long,MLP Long,115,5750,0.0003482184938247875,4.822460481412414,0.19491820530568033
Seen test,Normal Long,MLP Long,118,5750,0.0006156992696450391,7.303471088481511,0.18569403236171042
Seen test,Normal Long,MLP Long,120,5750,0.00025230968256913455,1.1422024329227911,0.08265504392778827
Seen test,Normal Long,MLP Long,126,5750,0.0006493730391541833,9.28770515499374,0.20774521261368337
Seen test,Normal Long,HAR-RV,5,5750,0.0006750682976508556,12.669100268206515,0.2903304257340182
Seen test,Normal Long,HAR-RV,7,5750,0.0003790191862722743,6.017218094459841,0.20661894544387688
Seen test,Normal Long,HAR-RV,10,5750,0.00029171291336240374,1.2179711499610888,0.06464509143809741
Seen test,Normal Long,HAR-RV,13,5750,0.0002332236048909173,1.7913032694797946,0.1351643107370858
Seen test,Normal Long,HAR-RV,14,5750,0.00025357323244332245,0.5406214834698383,0.050845542114351744
Seen test,Normal Long,HAR-RV,16,5750,0.0006247665992561169,15.029372298329957,0.3292521501366476
Seen test,Normal Long,HAR-RV,18,5750,0.0012647014298259713,29.915622774648757,0.4893589983072914
Seen test,Normal Long,HAR-RV,19,5750,0.0004038533374914493,4.9406337822598685,0.20302463144193783
Seen test,Normal Long,HAR-RV,20,5750,0.00028683029194492317,1.193984191980871,0.07840101471441252
Seen test,Normal Long,HAR-RV,27,5750,0.0009988878068458277,22.653455917286756,0.37376384290788645
Seen test,Normal Long,HAR-RV,29,5750,0.00011278407796344092,0.41334044483290944,0.04161972355576002
Seen test,Normal Long,HAR-RV,37,5750,0.0009963221608482343,25.431944346642016,0.5019630479182641
Seen test,Normal Long,HAR-RV,43,5750,0.00010751845206109575,0.5902297133946375,0.06741567054933506
Seen test,Normal Long,HAR-RV,44,5750,0.0002587525610412909,0.8676957297225015,0.06476628908469405
Seen test,Normal Long,HAR-RV,46,5750,0.00018021822327188617,1.3966403149438684,0.1271506310558444
Seen test,Normal Long,HAR-RV,51,5750,0.00026201193456604785,2.3866841854607994,0.0930250892081504
Seen test,Normal Long,HAR-RV,61,5750,0.00026740009949897784,0.5256671045353144,0.05370259853367867
Seen test,Normal Long,HAR-RV,62,5750,0.000632509577711727,5.8746228298435605,0.14937533433808467
Seen test,Normal Long,HAR-RV,63,5750,0.0002950010348300329,1.6863583822410242,0.09189835624488958
Seen test,Normal Long,HAR-RV,64,5750,0.0002213682659448295,1.2637084411623565,0.08614000604404982
Seen test,Normal Long,HAR-RV,68,5750,0.0004177098064634926,2.227177437154227,0.11644527956398622
Seen test,Normal Long,HAR-RV,69,5750,0.0001571428804012543,0.42652380487851566,0.04308024863107768
Seen test,Normal Long,HAR-RV,70,5750,0.0003368106420009097,3.3585644850500054,0.1641494120897502
Seen test,Normal Long,HAR-RV,72,5750,0.00044847220385222725,7.1726113035423005,0.1822398767692018
Seen test,Normal Long,HAR-RV,75,5750,0.001050127087912294,21.858041470802725,0.3524039842106507
Seen test,Normal Long,HAR-RV,77,5750,0.00029379241953774647,1.2567338047618066,0.07356749655282865
Seen test,Normal Long,HAR-RV,78,5750,0.000541930091869849,6.543807719133154,0.16911612572599
Seen test,Normal Long,HAR-RV,80,5750,0.0008034940733048967,7.706271234111407,0.1602983777497268
Seen test,Normal Long,HAR-RV,82,5750,0.000451411948323355,7.883717719030616,0.21449490452470207
Seen test,Normal Long,HAR-RV,83,5750,0.0006677205548473388,11.931189936012771,0.26338779709615895
Seen test,Normal Long,HAR-RV,90,5750,0.0007090120434180474,10.180324777122015,0.26676761955292994
Seen test,Normal Long,HAR-RV,98,5750,0.0007343407605981774,16.437371802025783,0.3848913513455182
Seen test,Normal Long,HAR-RV,100,5750,0.0005617591063060474,3.4728147201777757,0.1286525454969679
Seen test,Normal Long,HAR-RV,102,5750,0.000558174456731112,6.268117964869436,0.17969049266196624
Seen test,Normal Long,HAR-RV,103,5750,0.0008592504381786137,16.60113707518614,0.3120592161253302
Seen test,Normal Long,HAR-RV,104,5750,0.0004151077059946785,4.834752010397173,0.17810887096496933
Seen test,Normal Long,HAR-RV,115,5750,0.0003467687146662598,4.657743398559607,0.19488083670177705
Seen test,Normal Long,HAR-RV,118,5750,0.0006235584269387755,7.2502365746060065,0.18788367624590296
Seen test,Normal Long,HAR-RV,120,5750,0.000248614148830868,1.1528335376540373,0.08254564460465925
Seen test,Normal Long,HAR-RV,126,5750,0.0006581285339884191,8.87265142236781,0.2105189891634728
Seen test,Weighted Long,WLR Long,5,5750,0.0006699836373583075,13.112503619673843,0.28629328500696966
Seen test,Weighted Long,WLR Long,7,5750,0.0003749445761036117,6.073716991839918,0.20498220122845195
Seen test,Weighted Long,WLR Long,10,5750,0.00028773387347469224,1.2038831819119453,0.06383362751357671
Seen test,Weighted Long,WLR Long,13,5750,0.00023183800657230083,1.8419866428722738,0.1349768028571707
Seen test,Weighted Long,WLR Long,14,5750,0.00023978668616625513,0.5107625618159656,0.04999946387346432
Seen test,Weighted Long,WLR Long,16,5750,0.0006249331135048961,15.297234877290155,0.3263700494403998
Seen test,Weighted Long,WLR Long,18,5750,0.001245957934949158,31.459824194170597,0.47700022288103056
Seen test,Weighted Long,WLR Long,19,5750,0.000396672320519349,5.149067211752755,0.20110401843764233
Seen test,Weighted Long,WLR Long,20,5750,0.0002840960826609697,1.1955308877650315,0.07708758341561286
Seen test,Weighted Long,WLR Long,27,5750,0.0009884010574917714,22.121947797898063,0.36555185460478035
Seen test,Weighted Long,WLR Long,29,5750,0.00011360071122821934,0.36966792217189576,0.03696963755184911
Seen test,Weighted Long,WLR Long,37,5750,0.0009848476289066458,26.505375770313794,0.49229356593315565
Seen test,Weighted Long,WLR Long,43,5750,0.00010697512191204017,0.5363327039742595,0.05887355330653704
Seen test,Weighted Long,WLR Long,44,5750,0.0002603996465931125,0.8722969924211196,0.06488125679298054
Seen test,Weighted Long,WLR Long,46,5750,0.00018084747958653638,1.371382064349974,0.12712922732384116
Seen test,Weighted Long,WLR Long,51,5750,0.00026023808519866213,2.33136756476011,0.09160707452902067
Seen test,Weighted Long,WLR Long,61,5750,0.00026744225161551554,0.501164705023005,0.05331315819637059
Seen test,Weighted Long,WLR Long,62,5750,0.0006272862426014831,5.870617999201056,0.14748152293012648
Seen test,Weighted Long,WLR Long,63,5750,0.00029877977139951446,1.6175388924969185,0.09177916671455434
Seen test,Weighted Long,WLR Long,64,5750,0.00021653344941438123,1.2219294832852055,0.08392554540302952
Seen test,Weighted Long,WLR Long,68,5750,0.0004137021207679847,2.290107715447708,0.11490927974676513
Seen test,Weighted Long,WLR Long,69,5750,0.00015904990127754592,0.39038998152181065,0.0408078510646646
Seen test,Weighted Long,WLR Long,70,5750,0.0003333055262582346,3.358301947380952,0.16321781178867265
Seen test,Weighted Long,WLR Long,72,5750,0.00044297335324503217,7.312093159312348,0.17996129414216896
Seen test,Weighted Long,WLR Long,75,5750,0.0010426655180503675,23.490229599535894,0.34613777799971196
Seen test,Weighted Long,WLR Long,77,5750,0.0002909982344910855,1.2157622211172707,0.07405410632843687
Seen test,Weighted Long,WLR Long,78,5750,0.0005348845313312722,7.356280581707502,0.16640698180510022
Seen test,Weighted Long,WLR Long,80,5750,0.0008019657693643863,8.149402302802253,0.1582047020445711
Seen test,Weighted Long,WLR Long,82,5750,0.0004479335132204215,8.20572829964969,0.21169669722244408
Seen test,Weighted Long,WLR Long,83,5750,0.0006620011306168816,12.649053212297408,0.2607592892825038
Seen test,Weighted Long,WLR Long,90,5750,0.0007005362197893148,10.229599295628033,0.262781396119352
Seen test,Weighted Long,WLR Long,98,5750,0.0007227367919762117,16.721093117885328,0.3795267510522388
Seen test,Weighted Long,WLR Long,100,5750,0.0005598810421147151,3.4847240125927965,0.12763568793340466
Seen test,Weighted Long,WLR Long,102,5750,0.0005495669990040003,6.158633401281856,0.17776794484071262
Seen test,Weighted Long,WLR Long,103,5750,0.0008498256885663117,17.116024826590028,0.308466748279161
Seen test,Weighted Long,WLR Long,104,5750,0.0004145670863967752,4.941521973396754,0.17718336564054438
Seen test,Weighted Long,WLR Long,115,5750,0.00034316256474741874,4.744082060098039,0.19363499359290615
Seen test,Weighted Long,WLR Long,118,5750,0.0006158213365457567,7.150603941526619,0.18572535673902657
Seen test,Weighted Long,WLR Long,120,5750,0.00024468854643444756,1.14801474906617,0.08050569063206912
Seen test,Weighted Long,WLR Long,126,5750,0.0006464631983972699,9.058606805072767,0.20698486751463505
Seen test,Weighted Long,WXGB Long,5,5750,0.0006656187778402844,13.057633551548065,0.28495347334126503
Seen test,Weighted Long,WXGB Long,7,5750,0.00037503907520374804,5.953014008402776,0.20396028957753615
Seen test,Weighted Long,WXGB Long,10,5750,0.00028352784409513634,1.1349068262030235,0.06250995663794412
Seen test,Weighted Long,WXGB Long,13,5750,0.00022655328791141544,1.6617729733673716,0.1291622060321788
Seen test,Weighted Long,WXGB Long,14,5750,0.00021212754661092322,0.457302676117587,0.04729919374435282
Seen test,Weighted Long,WXGB Long,16,5750,0.000625430376320053,15.634351176524511,0.32493714601419227
Seen test,Weighted Long,WXGB Long,18,5750,0.0012444696394760455,32.94180864109956,0.47382240473332293
Seen test,Weighted Long,WXGB Long,19,5750,0.0003927204937817978,5.089863290985882,0.19838659781968904
Seen test,Weighted Long,WXGB Long,20,5750,0.00028583435186744957,1.0909836015013261,0.0752953455192588
Seen test,Weighted Long,WXGB Long,27,5750,0.0009857246994774307,22.23816864464268,0.3637086667097952
Seen test,Weighted Long,WXGB Long,29,5750,0.00010520477015179305,0.33236384223918836,0.03133525336894726
Seen test,Weighted Long,WXGB Long,37,5750,0.0009838655671833758,27.45876366419311,0.49027228816089335
Seen test,Weighted Long,WXGB Long,43,5750,9.799095469917844e-05,0.5090267091500645,0.05106293356070559
Seen test,Weighted Long,WXGB Long,44,5750,0.0002534491423199712,0.792725433156316,0.0627975900008618
Seen test,Weighted Long,WXGB Long,46,5750,0.00017624028842438041,1.223386270331532,0.11841095763658106
Seen test,Weighted Long,WXGB Long,51,5750,0.0002593252948592801,2.298039011161163,0.08798985871448327
Seen test,Weighted Long,WXGB Long,61,5750,0.0002654606995684726,0.4857042902808311,0.053737174291785955
Seen test,Weighted Long,WXGB Long,62,5750,0.00063407046338224,5.851136153338977,0.14748053309671416
Seen test,Weighted Long,WXGB Long,63,5750,0.000294565607987614,1.604718113157466,0.09117268449471364
Seen test,Weighted Long,WXGB Long,64,5750,0.0002170457680677237,1.0853553663930462,0.0802684704070692
Seen test,Weighted Long,WXGB Long,68,5750,0.00042738958517321996,2.1313163168559406,0.11344873488193373
Seen test,Weighted Long,WXGB Long,69,5750,0.00015201439412056172,0.34261719577603233,0.03703254196413097
Seen test,Weighted Long,WXGB Long,70,5750,0.00033358383299604056,3.315983178329739,0.15968910358211988
Seen test,Weighted Long,WXGB Long,72,5750,0.0004479720610198511,7.543980631616713,0.1779889399103138
Seen test,Weighted Long,WXGB Long,75,5750,0.0010362399766039403,23.76836683347193,0.34363626754516485
Seen test,Weighted Long,WXGB Long,77,5750,0.0002918081468793986,1.161908914847972,0.07147698408399787
Seen test,Weighted Long,WXGB Long,78,5750,0.0005333264589868496,7.540069933361319,0.16590743797167937
Seen test,Weighted Long,WXGB Long,80,5750,0.0008026315086561267,8.769872838336287,0.1570376490966304
Seen test,Weighted Long,WXGB Long,82,5750,0.0004445517326684903,8.191847706227701,0.20935469116164748
Seen test,Weighted Long,WXGB Long,83,5750,0.000659622151611128,13.00152967111916,0.25914660049854416
Seen test,Weighted Long,WXGB Long,90,5750,0.0006989763558060281,10.348649793974134,0.26146727280639426
Seen test,Weighted Long,WXGB Long,98,5750,0.0007314259418424565,17.34369624545785,0.3784127705704506
Seen test,Weighted Long,WXGB Long,100,5750,0.0005591594143670838,3.400834260046995,0.1266425174882481
Seen test,Weighted Long,WXGB Long,102,5750,0.0005418085178977634,5.979929829886085,0.17650197400910939
Seen test,Weighted Long,WXGB Long,103,5750,0.0008382986721606247,17.880009601531604,0.3063203830444717
Seen test,Weighted Long,WXGB Long,104,5750,0.0004070941492831899,4.8122277810903915,0.1742760535061849
Seen test,Weighted Long,WXGB Long,115,5750,0.00034083613313432774,4.623609959840264,0.1901036065825563
Seen test,Weighted Long,WXGB Long,118,5750,0.0006148147855241854,7.167480029391846,0.18500126228248978
Seen test,Weighted Long,WXGB Long,120,5750,0.00024090894441528303,1.020900847721789,0.0793401824464712
Seen test,Weighted Long,WXGB Long,126,5750,0.0006433685951789569,8.984150797876826,0.20604709329412677
Unseen anonymous,Normal Long,LR Long,0,38300,0.0006201266116729979,16.034693832246916,0.31983671230871624
Unseen anonymous,Normal Long,LR Long,17,38300,0.00043344946051119507,2.0968061412899686,0.09375631012737078
Unseen anonymous,Normal Long,LR Long,22,38300,0.0005632501746397884,7.84249896046022,0.16256530097148317
Unseen anonymous,Normal Long,LR Long,28,38300,0.00033240347229169446,2.6727525102175558,0.13597250919096232
Unseen anonymous,Normal Long,LR Long,30,38300,0.0006150550595589994,13.149402768402972,0.294478240153835
Unseen anonymous,Normal Long,LR Long,34,38300,0.0002511633752378467,1.5049736519748425,0.08783106578932602
Unseen anonymous,Normal Long,LR Long,35,38300,0.000281703190847226,0.5889487972128628,0.05477184541650111
Unseen anonymous,Normal Long,LR Long,38,38150,0.000587214819105157,8.036049083588393,0.21791181595112943
Unseen anonymous,Normal Long,LR Long,40,38300,0.0007412599776855852,13.205129319210577,0.2673008655629846
Unseen anonymous,Normal Long,LR Long,48,38300,0.0003834181263950983,3.9615260959944676,0.15296501623608671
Unseen anonymous,Normal Long,LR Long,60,38300,0.0005414115056814827,11.441322885420458,0.337624967010397
Unseen anonymous,Normal Long,LR Long,74,38300,0.00040030464367320147,3.371064126135554,0.22355004767955372
Unseen anonymous,Normal Long,LR Long,81,38300,0.0005184701066382893,3.5794643959200285,0.14766727886431158
Unseen anonymous,Normal Long,LR Long,84,38300,0.00029408667643119333,0.6187174359634132,0.05312098238386615
Unseen anonymous,Normal Long,LR Long,87,38300,0.0004914706202148052,4.073574796591187,0.12608458862941677
Unseen anonymous,Normal Long,LR Long,89,38300,0.0004265282873456675,4.428710923832061,0.23761850133402462
Unseen anonymous,Normal Long,LR Long,93,38300,0.00023031711748775394,1.2030428898949674,0.08091371912411324
Unseen anonymous,Normal Long,LR Long,95,38300,0.00026410488311847486,1.2750954671831127,0.07201609335712794
Unseen anonymous,Normal Long,LR Long,105,38300,0.0002832686919824002,3.080058404488204,0.17455121628675743
Unseen anonymous,Normal Long,LR Long,111,38300,0.00020241837112690885,1.2464940209781292,0.09141090670672403
Unseen anonymous,Normal Long,Lasso Long,0,38300,0.0006220228077721393,15.978468818333745,0.3213136791549885
Unseen anonymous,Normal Long,Lasso Long,17,38300,0.00043661849706943493,2.1211294031421093,0.0947350539313492
Unseen anonymous,Normal Long,Lasso Long,22,38300,0.0005634346246017719,7.754794402305759,0.16292040977899497
Unseen anonymous,Normal Long,Lasso Long,28,38300,0.00033613371715284407,2.747906238745608,0.13852576992413854
Unseen anonymous,Normal Long,Lasso Long,30,38300,0.0006174451351085676,13.259744767097867,0.2957319184825266
Unseen anonymous,Normal Long,Lasso Long,34,38300,0.0002540310716543284,1.5612403109956818,0.09054893027420219
Unseen anonymous,Normal Long,Lasso Long,35,38300,0.00028694451159298604,0.6048943500104829,0.05621471091508682
Unseen anonymous,Normal Long,Lasso Long,38,38150,0.0005890999817148586,8.123202586254108,0.21819074370562896
Unseen anonymous,Normal Long,Lasso Long,40,38300,0.0007418839138474178,13.215860355601558,0.2666989325679312
Unseen anonymous,Normal Long,Lasso Long,48,38300,0.00038474156613204773,4.033528924827223,0.15474979226228552
Unseen anonymous,Normal Long,Lasso Long,60,38300,0.0005424888811012293,11.627201753266025,0.3393186859196093
Unseen anonymous,Normal Long,Lasso Long,74,38300,0.0004048452409405441,3.456404099883998,0.2252523323887952
Unseen anonymous,Normal Long,Lasso Long,81,38300,0.0005243924899857625,3.6851444056730203,0.14869080280677954
Unseen anonymous,Normal Long,Lasso Long,84,38300,0.0002992316790099494,0.6308404891689608,0.054331460275719744
Unseen anonymous,Normal Long,Lasso Long,87,38300,0.0004946358684832494,4.10290909936307,0.12671948548832265
Unseen anonymous,Normal Long,Lasso Long,89,38300,0.0004272980004105716,4.5514162012910315,0.23836646881423756
Unseen anonymous,Normal Long,Lasso Long,93,38300,0.0002335286608394327,1.2651569684044102,0.08410131445439392
Unseen anonymous,Normal Long,Lasso Long,95,38300,0.0002672719415127717,1.3181897612618805,0.0735219997582959
Unseen anonymous,Normal Long,Lasso Long,105,38300,0.0002855801645622748,3.1779970698111675,0.17768960755973753
Unseen anonymous,Normal Long,Lasso Long,111,38300,0.00020823516558470274,1.2986121298061613,0.09409501154265472
Unseen anonymous,Normal Long,XGB Long,0,38300,0.0006241686211463014,15.814542410799726,0.31871913535723834
Unseen anonymous,Normal Long,XGB Long,17,38300,0.0004321592349551619,2.0308613491266048,0.09398593365716436
Unseen anonymous,Normal Long,XGB Long,22,38300,0.0005625307581643221,7.559789239022261,0.16215822919672515
Unseen anonymous,Normal Long,XGB Long,28,38300,0.0003308794708885261,2.5068235254027447,0.13383151846444724
Unseen anonymous,Normal Long,XGB Long,30,38300,0.0006300900301143482,13.509716709971528,0.2928406535093673
Unseen anonymous,Normal Long,XGB Long,34,38300,0.0002500466019172609,1.3520656919432597,0.08538071014194118
Unseen anonymous,Normal Long,XGB Long,35,38300,0.00027975193535170615,0.536324578683236,0.05253094235718614
Unseen anonymous,Normal Long,XGB Long,38,38150,0.0005850738291195963,8.08909050669391,0.21720392408758407
Unseen anonymous,Normal Long,XGB Long,40,38300,0.0007392463091293724,13.269285050963061,0.2658089916311543
Unseen anonymous,Normal Long,XGB Long,48,38300,0.00038256128437377416,3.86407399417989,0.15114503677669563
Unseen anonymous,Normal Long,XGB Long,60,38300,0.0005420155751891641,11.75995119638838,0.3356784189669948
Unseen anonymous,Normal Long,XGB Long,74,38300,0.0003971174954589831,3.2893725189761147,0.22164965265247852
Unseen anonymous,Normal Long,XGB Long,81,38300,0.0005174719850139129,3.6092565152293345,0.1464754928789565
Unseen anonymous,Normal Long,XGB Long,84,38300,0.000290482956863599,0.5793498608803505,0.052198728420438746
Unseen anonymous,Normal Long,XGB Long,87,38300,0.0004930026626691069,3.972025790577893,0.12572678390043035
Unseen anonymous,Normal Long,XGB Long,89,38300,0.0004246300249808363,4.494029406606613,0.23534670560823445
Unseen anonymous,Normal Long,XGB Long,93,38300,0.00022795112390398478,1.0765679336200744,0.077512487088725
Unseen anonymous,Normal Long,XGB Long,95,38300,0.0002624277482933339,1.2188390822737447,0.07127850774911353
Unseen anonymous,Normal Long,XGB Long,105,38300,0.0002801420795833417,2.959636532319322,0.17080101407471324
Unseen anonymous,Normal Long,XGB Long,111,38300,0.00019706329487977783,1.1051185089931836,0.08757642682737884
Unseen anonymous,Normal Long,RF Long,0,38300,0.0006265915170387428,16.673935230303883,0.33380950284101885
Unseen anonymous,Normal Long,RF Long,17,38300,0.00044235173499870215,2.153348055312956,0.10318499843798966
Unseen anonymous,Normal Long,RF Long,22,38300,0.0005638993571279277,7.795107301119459,0.16735365831656646
Unseen anonymous,Normal Long,RF Long,28,38300,0.0003472078359897046,3.2545783606156333,0.15905756027643045
Unseen anonymous,Normal Long,RF Long,30,38300,0.000627975585913017,14.211339739859175,0.31037157981522606
Unseen anonymous,Normal Long,RF Long,34,38300,0.00026556430967941886,1.8906654846432984,0.11000756878738784
Unseen anonymous,Normal Long,RF Long,35,38300,0.0002970710085482355,0.7341973050162797,0.07710652657814082
Unseen anonymous,Normal Long,RF Long,38,38150,0.0005895786201592044,8.42423229424315,0.22292564335057535
Unseen anonymous,Normal Long,RF Long,40,38300,0.0007421734014682303,13.420224591713295,0.26690740072084257
Unseen anonymous,Normal Long,RF Long,48,38300,0.0003922767103603055,4.390553880911155,0.16883037447281465
Unseen anonymous,Normal Long,RF Long,60,38300,0.0005516911548448574,12.904898455297062,0.36364707859652456
Unseen anonymous,Normal Long,RF Long,74,38300,0.00041010360739891484,3.979354681948071,0.2404520612981439
Unseen anonymous,Normal Long,RF Long,81,38300,0.0005250071713579956,3.932003243422459,0.1544603843492609
Unseen anonymous,Normal Long,RF Long,84,38300,0.0003099210370038059,0.7497254238924265,0.07283444640471448
Unseen anonymous,Normal Long,RF Long,87,38300,0.0004962321493795797,4.103459804080605,0.1321555382664435
Unseen anonymous,Normal Long,RF Long,89,38300,0.00043532543311732274,5.218735505995661,0.25558526188538006
Unseen anonymous,Normal Long,RF Long,93,38300,0.00024914811992943003,1.7101742152078574,0.11236545568801423
Unseen anonymous,Normal Long,RF Long,95,38300,0.00027973763923076783,1.3728822511575922,0.08989543215540176
Unseen anonymous,Normal Long,RF Long,105,38300,0.00029829613874365744,3.9238294815903125,0.205325599803915
Unseen anonymous,Normal Long,RF Long,111,38300,0.0002248067025607837,1.8141280154874118,0.1252902250995371
Unseen anonymous,Normal Long,MLP Long,0,38300,0.0006319513351925214,16.23888392341172,0.3220028361847541
Unseen anonymous,Normal Long,MLP Long,17,38300,0.00043723218564975053,2.082021501819701,0.09501095526645045
Unseen anonymous,Normal Long,MLP Long,22,38300,0.0005640036932210328,8.026137745820007,0.16294387083717393
Unseen anonymous,Normal Long,MLP Long,28,38300,0.0003381314740621392,2.6957195411813433,0.13775624048696558
Unseen anonymous,Normal Long,MLP Long,30,38300,0.0006425363860332804,14.02477792617264,0.29697057029578183
Unseen anonymous,Normal Long,MLP Long,34,38300,0.0002538371034010996,1.5062911333871276,0.08885970152191046
Unseen anonymous,Normal Long,MLP Long,35,38300,0.0002948243824327309,0.5754354898976405,0.0575993219016587
Unseen anonymous,Normal Long,MLP Long,38,38150,0.0005899561995749281,8.335655542626988,0.21859890498605325
Unseen anonymous,Normal Long,MLP Long,40,38300,0.0007438308241574292,13.672000525321058,0.2674149230267943
Unseen anonymous,Normal Long,MLP Long,48,38300,0.0003863570400535776,3.9926732162256586,0.153954312832487
Unseen anonymous,Normal Long,MLP Long,60,38300,0.0005478159916719467,12.088229917625073,0.34147096088461915
Unseen anonymous,Normal Long,MLP Long,74,38300,0.00040694388452508734,3.461753266297398,0.22728314832111993
Unseen anonymous,Normal Long,MLP Long,81,38300,0.000528172930387806,3.6915199954523423,0.15015595063606507
Unseen anonymous,Normal Long,MLP Long,84,38300,0.00030479789619201447,0.610124712125463,0.056207879531106
Unseen anonymous,Normal Long,MLP Long,87,38300,0.0004946677578445378,4.093684017885413,0.12684002970489877
Unseen anonymous,Normal Long,MLP Long,89,38300,0.00043068841193316833,4.6187161518598625,0.24262360566563934
Unseen anonymous,Normal Long,MLP Long,93,38300,0.00023381167358002246,1.1973715625857282,0.08173738311360554
Unseen anonymous,Normal Long,MLP Long,95,38300,0.0002696647999196401,1.2637250565500617,0.07390965241085994
Unseen anonymous,Normal Long,MLP Long,105,38300,0.0002882513784521389,3.1680088040311105,0.1780749348037805
Unseen anonymous,Normal Long,MLP Long,111,38300,0.0002145125426389219,1.2488601623192621,0.09495432045373274
Unseen anonymous,Normal Long,HAR-RV,0,38300,0.0006260952478543375,14.933864890811106,0.3237432763286263
Unseen anonymous,Normal Long,HAR-RV,17,38300,0.00043738592731379226,2.0797119411142186,0.09497596302434574
Unseen anonymous,Normal Long,HAR-RV,22,38300,0.0005690939816979142,7.569509548677023,0.1653066451072688
Unseen anonymous,Normal Long,HAR-RV,28,38300,0.000337234662479644,2.645517946854,0.13731523641787652
Unseen anonymous,Normal Long,HAR-RV,30,38300,0.0006230496881690529,12.621587396495698,0.2972036878042106
Unseen anonymous,Normal Long,HAR-RV,34,38300,0.0002554558473213968,1.4918256965822916,0.08917908558807713
Unseen anonymous,Normal Long,HAR-RV,35,38300,0.0002788202301175677,0.5992489635649514,0.05468350699192689
Unseen anonymous,Normal Long,HAR-RV,38,38150,0.00059382717737594,7.852834597355334,0.22054631947536452
Unseen anonymous,Normal Long,HAR-RV,40,38300,0.0007500102125749203,12.831204813894876,0.2718825582957788
Unseen anonymous,Normal Long,HAR-RV,48,38300,0.00038691833057325094,3.9032483398858355,0.15437188764344403
Unseen anonymous,Normal Long,HAR-RV,60,38300,0.0005441618953340378,10.81292813025592,0.3390779976759092
Unseen anonymous,Normal Long,HAR-RV,74,38300,0.0004036882023150403,3.3341589819434088,0.22603104446371813
Unseen anonymous,Normal Long,HAR-RV,81,38300,0.0005227395511191332,3.5887650394499717,0.14977949371440136
Unseen anonymous,Normal Long,HAR-RV,84,38300,0.00029303724277122576,0.6261768826752532,0.05312196830202772
Unseen anonymous,Normal Long,HAR-RV,87,38300,0.0004967633119805802,4.015834296271429,0.12758712324553015
Unseen anonymous,Normal Long,HAR-RV,89,38300,0.0004279185185104956,4.313733428353591,0.2382292837091986
Unseen anonymous,Normal Long,HAR-RV,93,38300,0.00023401542728956266,1.2127751406762768,0.08283257242406841
Unseen anonymous,Normal Long,HAR-RV,95,38300,0.0002660248815034731,1.2979163512767313,0.0730340237443519
Unseen anonymous,Normal Long,HAR-RV,105,38300,0.00028452841093089097,2.992619262969882,0.17545387179414731
Unseen anonymous,Normal Long,HAR-RV,111,38300,0.00020238446920583044,1.2481360122380705,0.09240647985449484
Unseen anonymous,Weighted Long,WLR Long,0,38300,0.000620244981576203,15.96342576356059,0.3198152651469531
Unseen anonymous,Weighted Long,WLR Long,17,38300,0.00043328040704479324,2.0949261200432625,0.09374070694472154
Unseen anonymous,Weighted Long,WLR Long,22,38300,0.0005636912782014899,7.841494602602278,0.16265994572924145
Unseen anonymous,Weighted Long,WLR Long,28,38300,0.0003323754724864591,2.66839823615869,0.13592009821778958
Unseen anonymous,Weighted Long,WLR Long,30,38300,0.0006154022822422666,13.099630745306472,0.2944893960537166
Unseen anonymous,Weighted Long,WLR Long,34,38300,0.0002512042665979517,1.50158425639059,0.08776989403252225
Unseen anonymous,Weighted Long,WLR Long,35,38300,0.0002812420932584633,0.5879848451992563,0.0547195799190264
Unseen anonymous,Weighted Long,WLR Long,38,38150,0.0005873234929073018,8.016608165238093,0.21797930338809954
Unseen anonymous,Weighted Long,WLR Long,40,38300,0.0007414299507363662,13.17320707492403,0.26750813862829026
Unseen anonymous,Weighted Long,WLR Long,48,38300,0.0003836209828701169,3.950346598715502,0.15292402483434359
Unseen anonymous,Weighted Long,WLR Long,60,38300,0.000541488875722885,11.401528209818576,0.33754079377451846
Unseen anonymous,Weighted Long,WLR Long,74,38300,0.00040020102843587045,3.3597989864999325,0.22360909432582854
Unseen anonymous,Weighted Long,WLR Long,81,38300,0.0005183733611836849,3.5751927383978064,0.14767625127758938
Unseen anonymous,Weighted Long,WLR Long,84,38300,0.0002938384555417294,0.6191679432322194,0.053074828981223586
Unseen anonymous,Weighted Long,WLR Long,87,38300,0.0004915666089292327,4.064839631135713,0.12611468688320943
Unseen anonymous,Weighted Long,WLR Long,89,38300,0.00042669552272304307,4.413363329711293,0.23769272876098343
Unseen anonymous,Weighted Long,WLR Long,93,38300,0.00023034396942868215,1.2007415141547193,0.08086703642629663
Unseen anonymous,Weighted Long,WLR Long,95,38300,0.00026406936820887764,1.2739002079415584,0.0719827262109741
Unseen anonymous,Weighted Long,WLR Long,105,38300,0.0002835171200382679,3.0687718299975115,0.17452266284741974
Unseen anonymous,Weighted Long,WLR Long,111,38300,0.00020219767633702164,1.2426918307090136,0.09131607444087891
Unseen anonymous,Weighted Long,WXGB Long,0,38300,0.0006231877442528836,15.689710627536243,0.3183959918207637
Unseen anonymous,Weighted Long,WXGB Long,17,38300,0.0004324767628030431,2.0340893017250936,0.09395062500180662
Unseen anonymous,Weighted Long,WXGB Long,22,38300,0.0005622527258168016,7.481883777008466,0.16228908662057337
Unseen anonymous,Weighted Long,WXGB Long,28,38300,0.00033199958883662196,2.5086730108543165,0.13384539370704296
Unseen anonymous,Weighted Long,WXGB Long,30,38300,0.000631345589556825,13.422897763480039,0.29274275428622626
Unseen anonymous,Weighted Long,WXGB Long,34,38300,0.0002496568089569574,1.347930533628066,0.08529838057511319
Unseen anonymous,Weighted Long,WXGB Long,35,38300,0.00027910368600269004,0.5356240998599244,0.05251436432792863
Unseen anonymous,Weighted Long,WXGB Long,38,38150,0.000586025482064103,8.056883891401856,0.21721588845823592
Unseen anonymous,Weighted Long,WXGB Long,40,38300,0.0007374701160519831,13.146565307029912,0.26586470270284873
Unseen anonymous,Weighted Long,WXGB Long,48,38300,0.00038252051541829075,3.8627312450815015,0.1511556699859747
Unseen anonymous,Weighted Long,WXGB Long,60,38300,0.0005416283592899743,11.704059535883548,0.33545594499702813
Unseen anonymous,Weighted Long,WXGB Long,74,38300,0.0003981462121389785,3.286194442839169,0.22162469773861943
Unseen anonymous,Weighted Long,WXGB Long,81,38300,0.0005175120007941711,3.595060852223403,0.1464866398718148
Unseen anonymous,Weighted Long,WXGB Long,84,38300,0.00029036621410450015,0.581172190819857,0.05218990144954452
Unseen anonymous,Weighted Long,WXGB Long,87,38300,0.0004928995666051854,3.96691119691507,0.12579222758102865
Unseen anonymous,Weighted Long,WXGB Long,89,38300,0.00042498967741967495,4.485545604210269,0.2353863338765597
Unseen anonymous,Weighted Long,WXGB Long,93,38300,0.00022797931476588342,1.0759830748823909,0.07741856097256855
Unseen anonymous,Weighted Long,WXGB Long,95,38300,0.00026230060905892773,1.2158920531200403,0.07132691807010579
Unseen anonymous,Weighted Long,WXGB Long,105,38300,0.0002800181836828464,2.954347834407591,0.17084255440052154
Unseen anonymous,Weighted Long,WXGB Long,111,38300,0.00019734171491556218,1.1030887268998906,0.08754633319022405
